{
  "pos": [
    1794.9049200251663,
    82.0,
    116.86275719150822
  ],
  "rotation": [
    -61.159095764160156,
    15.952342987060547
  ],
  "motion": [
    0.0,
    -0.0784000015258789,
    0.0
  ],
  "dimension": "minecraft:overworld",
  "on_ground": true
}